month,member_casual,total_rides
2025-07,casual,322505
2025-07,member,439965
2025-08,casual,337246
2025-08,member,452355
2025-09,casual,264772
2025-09,member,449202
2025-10,casual,223569
2025-10,member,421921
2025-11,casual,98871
2025-11,member,257292
2025-12,casual,28005
2025-12,member,112415
2026-01,casual,24656
2026-01,member,112933
2026-02,casual,41088
2026-02,member,160251
2026-03,casual,87631
2026-03,member,229121
2026-04,casual,131223
2026-04,member,316675
2026-05,casual,244654
2026-05,member,408510
2026-06,casual,307827
2026-06,member,453983
